Branch Code,Branch Name,RM ID,Monthly Sales Target,Achieved Sales,Conversion Rate,Customer Retention Rate
GGN001,Branch_GGN001,RM_GGN001_1,5024986,5283095,14.22%,98.38%
GGN001,Branch_GGN001,RM_GGN001_2,9276377,7596671,6.27%,95.31%
GGN001,Branch_GGN001,RM_GGN001_3,13205132,14167207,15.17%,94.95%
GGN001,Branch_GGN001,RM_GGN001_4,6161835,7285649,13.17%,92.9%
GGN002,Branch_GGN002,RM_GGN002_1,6269860,5024193,17.05%,94.41%
GGN002,Branch_GGN002,RM_GGN002_2,12103717,13211885,21.85%,97.7%
GGN002,Branch_GGN002,RM_GGN002_3,6088316,6378039,6.13%,97.87%
GGN002,Branch_GGN002,RM_GGN002_4,5743446,4111474,20.84%,97.14%
GGN003,Branch_GGN003,RM_GGN003_1,9450786,9289866,9.01%,87.47%
GGN003,Branch_GGN003,RM_GGN003_2,5394853,6304956,16.67%,85.34%
GGN003,Branch_GGN003,RM_GGN003_3,9326791,8522067,7.11%,98.01%
GGN003,Branch_GGN003,RM_GGN003_4,5309661,5313724,15.91%,88.06%
GGN004,Branch_GGN004,RM_GGN004_1,6013365,4879415,10.21%,94.35%
GGN004,Branch_GGN004,RM_GGN004_2,11709656,12902318,12.09%,89.5%
GGN004,Branch_GGN004,RM_GGN004_3,10857877,9344394,7.3%,88.84%
GGN004,Branch_GGN004,RM_GGN004_4,13226827,11893731,19.17%,91.99%
GGN005,Branch_GGN005,RM_GGN005_1,14778271,11542565,24.82%,86.76%
GGN005,Branch_GGN005,RM_GGN005_2,11081317,8643987,18.29%,88.41%
GGN005,Branch_GGN005,RM_GGN005_3,14845100,16475142,14.6%,98.25%
GGN005,Branch_GGN005,RM_GGN005_4,8144370,6055245,17.86%,97.73%
,,,,,,
,,,,,,
,,,,,,
,,,,,,
,,,,,,
,,,,,,
,,,,,,
,,,,,,
,,,,,,
,,,,,,
,,,,,,
,,,,,,
,,,,,,
,,,,,,
,,,,,,
,,,,,,
,,,,,,
,,,,,,
,,,,,,
,,,,,,
,,,,,,
,,,,,,
,,,,,,
,,,,,,
,,,,,,
,,,,,,
,,,,,,
,,,,,,
,,,,,,
,,,,,,
,,,,,,
,,,,,,
,,,,,,
,,,,,,
,,,,,,
,,,,,,
,,,,,,
,,,,,,
,,,,,,
,,,,,,
,,,,,,
,,,,,,
,,,,,,
,,,,,,
,,,,,,
,,,,,,
,,,,,,
,,,,,,
,,,,,,
,,,,,,
,,,,,,
,,,,,,
,,,,,,
,,,,,,
,,,,,,
,,,,,,
,,,,,,
,,,,,,
,,,,,,
,,,,,,
,,,,,,
,,,,,,
,,,,,,
,,,,,,
,,,,,,
,,,,,,
,,,,,,
,,,,,,
,,,,,,
,,,,,,
,,,,,,
,,,,,,
,,,,,,
,,,,,,
,,,,,,
,,,,,,
,,,,,,
,,,,,,
,,,,,,
